{
  "content": [
    {
      "path": "WeatherPresets/DNBOF-Atmospheric.WPR",
      "size": 3161,
      "date": 132830186856594693
    },
    {
      "path": "WeatherPresets/DNBOF-Breezy.WPR",
      "size": 4399,
      "date": 132830186856594693
    },
    {
      "path": "WeatherPresets/DNBOF-Deicing.WPR",
      "size": 3165,
      "date": 132830186856594693
    },
    {
      "path": "WeatherPresets/DNBOF-Fog.WPR",
      "size": 3127,
      "date": 132830199708896640
    },
    {
      "path": "WeatherPresets/DNBOF-Light-Snow-Showers.WPR",
      "size": 3132,
      "date": 132830195973838455
    },
    {
      "path": "WeatherPresets/DNBOF-Lying-Snow.WPR",
      "size": 2486,
      "date": 132830195973838455
    },
    {
      "path": "WeatherPresets/DNBOF-Shallow-Mist.WPR",
      "size": 3140,
      "date": 132830201011856979
    },
    {
      "path": "WeatherPresets/DNBOF-Small-Thunderstorms.WPR",
      "size": 3443,
      "date": 132830328076645565
    },
    {
      "path": "WeatherPresets/DNBOF-Snow-Showers.WPR",
      "size": 3129,
      "date": 132830328076645565
    },
    {
      "path": "WeatherPresets/DNBOF-Soaring-Ridge.WPR",
      "size": 2812,
      "date": 132830328076645565
    },
    {
      "path": "WeatherPresets/DNBOF-Soaring-Thermals-No-Wind.WPR",
      "size": 2510,
      "date": 132830328076645565
    },
    {
      "path": "WeatherPresets/DNBOF-Thunderstorms.WPR",
      "size": 3765,
      "date": 132830328076645565
    },
    {
      "path": "WeatherPresets/DNBOF-Windy.WPR",
      "size": 4398,
      "date": 132830232066060936
    },
    {
      "path": "WeatherPresets/DNBOF-X-Hurricane-KMIA.WPR",
      "size": 3995,
      "date": 132830235262590779
    },
    {
      "path": "WeatherPresets/DNBOF-X-Supercell-EGLC.WPR",
      "size": 4064,
      "date": 132830235487341919
    }
  ]
}